{
  "metadata": {
    "n_wells": 64624,
    "n_feast_iterations": 250,
    "pod90_marcellus_kgph": 0.974,
    "wells_per_day_pa": 100,
    "flyable_days_pa_year": 150,
    "annual_coverage_pct": 23.2,
    "years_for_full_portfolio": 4.3,
    "n_survey_cells": 474,
    "survey_denominator": "surveyed_wells_total_emissions (NOT full portfolio)"
  },
  "emission_concentration": {
    "1": {
      "n_wells": 646,
      "emission_share": 2.4547094813184636,
      "threshold_kgph": 1.9752792038779707
    },
    "2": {
      "n_wells": 1292,
      "emission_share": 4.691010183590334,
      "threshold_kgph": 1.8691733052883044
    },
    "5": {
      "n_wells": 3231,
      "emission_share": 10.943425808266591,
      "threshold_kgph": 1.7208252600717149
    },
    "10": {
      "n_wells": 6462,
      "emission_share": 20.576175597830094,
      "threshold_kgph": 1.5937193988978327
    },
    "20": {
      "n_wells": 12924,
      "emission_share": 38.17539732963842,
      "threshold_kgph": 1.4339317067231572
    },
    "30": {
      "n_wells": 19387,
      "emission_share": 54.13297296355731,
      "threshold_kgph": 1.3013332373782716
    },
    "50": {
      "n_wells": 32312,
      "emission_share": 74.27906362064137,
      "threshold_kgph": 0.49970229771781516
    },
    "70": {
      "n_wells": 45236,
      "emission_share": 85.6616010195655,
      "threshold_kgph": 0.4765666165882588
    }
  },
  "threshold_stats": {
    "0.3": {
      "n_wells": 62843,
      "pct_wells": 97.24405793513246,
      "emissions_kgph": 55389.240482037414,
      "pct_emissions": 100.0
    },
    "0.5": {
      "n_wells": 30937,
      "pct_wells": 47.872307501856895,
      "emissions_kgph": 40455.406887552876,
      "pct_emissions": 73.03838531722143
    },
    "0.974": {
      "n_wells": 25833,
      "pct_wells": 39.97431294874969,
      "emissions_kgph": 37746.01048383511,
      "pct_emissions": 68.14682807588966
    },
    "1.27": {
      "n_wells": 20746,
      "pct_wells": 32.102624411983165,
      "emissions_kgph": 31731.418103699172,
      "pct_emissions": 57.28805419166126
    },
    "2.0": {
      "n_wells": 539,
      "pct_wells": 0.834055459272097,
      "emissions_kgph": 1146.9138347755388,
      "pct_emissions": 2.070643729349349
    },
    "5.0": {
      "n_wells": 0,
      "pct_wells": 0.0,
      "emissions_kgph": 0.0,
      "pct_emissions": 0.0
    }
  },
  "feast_iteration_variability": {
    "total_kgph_mean": 55389.2405625,
    "total_kgph_std": 10638.95713043163,
    "total_kgph_p5": 37572.7716796875,
    "total_kgph_p95": 73633.089453125
  },
  "survey_scenarios": {
    "One season (Q2+Q3, ~75 days)": {
      "coverage_pct": 11.600000000000001,
      "summary": {
        "mitigation_pct": {
          "mean": 55.98075373728599,
          "std": 9.755261102942706,
          "p5": 39.415542703620496,
          "p25": 49.31959158123816,
          "median": 56.8081515327725,
          "p75": 62.97076461056884,
          "p95": 71.0554476671247
        },
        "detected_total_kgph": {
          "mean": 3653.429435433596,
          "std": 1222.4176849640946,
          "p5": 1893.3945791646838,
          "p25": 2723.3587811142206,
          "median": 3607.501382827759,
          "p75": 4354.119607098401,
          "p95": 5705.218303794412
        },
        "surveyed_total_kgph": {
          "mean": 6387.137314397171,
          "std": 1286.300423234091,
          "p5": 4430.2400589421395,
          "p25": 5515.237837027758,
          "median": 6400.80514344573,
          "p75": 7092.436944000423,
          "p95": 8697.338897979256
        },
        "n_detected": {
          "mean": 2000.08,
          "std": 750.3059346634427,
          "p5": 973.8,
          "p25": 1471.0,
          "median": 1841.0,
          "p75": 2457.25,
          "p95": 3393.5999999999985
        },
        "avg_pod": {
          "mean": 0.2669005358838135,
          "std": 0.10018307333916425,
          "p5": 0.12969742072874915,
          "p25": 0.19597608895065685,
          "median": 0.24950495488319063,
          "p75": 0.3248701084072838,
          "p95": 0.45230643461412245
        },
        "top5_capture_pct": {
          "mean": 94.94526493557343,
          "std": 4.6989753307997395,
          "p5": 85.28311559879364,
          "p25": 93.28847926640873,
          "median": 96.43571778703804,
          "p75": 98.2362900318899,
          "p95": 99.23651899357664
        },
        "enrichment": {
          "mean": 2.3269932942096077,
          "std": 0.7830257900962975,
          "p5": 1.4063074256782604,
          "p25": 1.7304461908317994,
          "median": 2.1656893697094666,
          "p75": 2.7125988550446976,
          "p95": 3.934807277168872
        },
        "wind_ms": {
          "mean": 3.4642428981611992,
          "std": 0.8969725831350562,
          "p5": 1.9363224127675631,
          "p25": 2.858906851376351,
          "median": 3.476835880196468,
          "p75": 4.054504452541048,
          "p95": 5.070532183306687
        }
      }
    },
    "1 year moderate (150 days, 100/day)": {
      "coverage_pct": 23.21119088883387,
      "summary": {
        "mitigation_pct": {
          "mean": 56.450387960505665,
          "std": 9.93291672282768,
          "p5": 39.30266158346858,
          "p25": 49.33591209556795,
          "median": 57.408495266504495,
          "p75": 63.807507190247016,
          "p95": 71.63901358423104
        },
        "detected_total_kgph": {
          "mean": 7352.760170751289,
          "std": 2446.419319538671,
          "p5": 3729.021130259335,
          "p25": 5534.746478818357,
          "median": 7135.636602893472,
          "p75": 8954.499415129423,
          "p95": 11859.410048615933
        },
        "surveyed_total_kgph": {
          "mean": 12757.248464764238,
          "std": 2559.461298786841,
          "p5": 9003.365749056637,
          "p25": 10889.059088878334,
          "median": 12622.574317246675,
          "p75": 14214.233762778342,
          "p95": 17144.679071781036
        },
        "n_detected": {
          "mean": 4048.576,
          "std": 1594.0566192060019,
          "p5": 1982.95,
          "p25": 2861.75,
          "median": 3677.0,
          "p75": 5009.25,
          "p95": 7057.249999999997
        },
        "avg_pod": {
          "mean": 0.26976214871254134,
          "std": 0.10634077173626569,
          "p5": 0.1322640594081013,
          "p25": 0.19000885156717023,
          "median": 0.24617281885788367,
          "p75": 0.3330733251172693,
          "p95": 0.46956586887394747
        },
        "top5_capture_pct": {
          "mean": 94.98134235467457,
          "std": 4.823300476415359,
          "p5": 85.00442756368334,
          "p25": 93.4313836050872,
          "median": 96.74193952731461,
          "p75": 98.19894681801277,
          "p95": 99.16533048345143
        },
        "enrichment": {
          "mean": 2.338399609611342,
          "std": 0.794279671650978,
          "p5": 1.3600041911161664,
          "p25": 1.7423028503302715,
          "median": 2.172156652353817,
          "p75": 2.739435348073037,
          "p95": 3.945913918452475
        },
        "wind_ms": {
          "mean": 3.4991179656973945,
          "std": 0.9276782557424758,
          "p5": 2.0141615979150083,
          "p25": 2.8270630073140217,
          "median": 3.5314757709974156,
          "p75": 4.14931409573136,
          "p95": 5.064130022222685
        }
      }
    },
    "1 year ambitious (150 days, 130/day)": {
      "coverage_pct": 30.174548155484032,
      "summary": {
        "mitigation_pct": {
          "mean": 56.73508775303478,
          "std": 10.19859322278606,
          "p5": 38.48475881249575,
          "p25": 49.55485301341635,
          "median": 57.71963821961498,
          "p75": 64.02286589431174,
          "p95": 71.49635748867638
        },
        "detected_total_kgph": {
          "mean": 9636.610650174529,
          "std": 3402.4259414363246,
          "p5": 4563.480895742774,