{
  "config": {
    "n_mc": 500,
    "coverage": 0.23,
    "target_wells": 14863,
    "n_comps_per_site": 650,
    "emission_per_comp": 0.00231,
    "add_plungers": true,
    "plunger_fraction": 0.5,
    "seed": 42,
    "n_wells_total": 64624,
    "n_iter_eime": 250
  },
  "within_survey_mitigation_pct_fugitive": {
    "component_method": {
      "mean": 63.08117898182129,
      "std": 12.135412341983288,
      "p5": 42.378764569569086,
      "p50": 63.360138508988,
      "p95": 82.27280721348757
    },
    "sitetotal_method": {
      "mean": 68.73260247802574,
      "std": 12.994826177845175,
      "p5": 46.70196127569066,
      "p50": 68.68155720533285,
      "p95": 90.43902660599328
    },
    "overestimate_pp": {
      "mean": 5.6514234962044645,
      "std": 2.0439224658357906,
      "p5": 2.6358575036149796,
      "p50": 5.426921970986612,
      "p95": 9.221534134625562
    }
  },
  "within_survey_mitigation_pct_all": {
    "component_method": {
      "mean": 64.70127591700356,
      "std": 11.456960127726912,
      "p5": 44.8949044521011,
      "p50": 64.88940228572359,
      "p95": 82.91829311362798
    },
    "sitetotal_method": {
      "mean": 70.11363886504687,
      "std": 12.301106203494255,
      "p5": 48.812458648626986,
      "p50": 69.9420463995713,
      "p95": 90.70386548622314
    }
  },
  "detected_kgph": {
    "component_method": {
      "mean": 8197.046286606988,
      "std": 3045.52959266618,
      "p5": 3659.772125529671,
      "p50": 7936.656852973743,
      "p95": 13862.160576837614
    },
    "sitetotal_method": {
      "mean": 8912.453647021755,
      "std": 3242.3277095569265,
      "p5": 4069.258424919844,
      "p50": 8640.872677654028,
      "p95": 14823.5415255934
    }
  },
  "surveyed_kgph": {
    "fugitive": {
      "mean": 12645.281582210153,
      "std": 2905.0005707359373,
      "p5": 8081.546591416001,
      "p50": 12505.789840228856,
      "p95": 17435.772949165104
    },
    "episodic": {
      "mean": 538.0506719999998,
      "std": 302.74763916225845,
      "p5": 181.296,
      "p50": 543.8879999999999,
      "p95": 1087.7759999999998
    }
  },
  "wind_ms": {
    "mean": {
      "mean": 3.4588971412886305,
      "std": 0.9671921921214346,
      "p5": 1.9121035683869743,
      "p50": 3.391891831615326,
      "p95": 5.147350655302004
    }
  },
  "leaks_per_well_mean": {
    "mean": 1.7237198093024184,
    "std": 0.008361798487906864,
    "p5": 1.7094794746939193,
    "p50": 1.7235157850072764,
    "p95": 1.7371838879758044
  }
}