{
  "config": {
    "n_mc": 25,
    "coverage": 0.23,
    "target_wells": 14863,
    "n_comps_per_site": 650,
    "emission_per_comp": 0.00231,
    "add_plungers": false,
    "plunger_fraction": 0.5,
    "seed": 42,
    "n_wells_total": 64624,
    "n_iter_eime": 250
  },
  "within_survey_mitigation_pct_fugitive": {
    "component_method": {
      "mean": 64.78843395899138,
      "std": 10.860376314984556,
      "p5": 51.818139799064994,
      "p50": 63.756167802751584,
      "p95": 82.29395527334403
    },
    "sitetotal_method": {
      "mean": 70.11285124393123,
      "std": 12.36758517577254,
      "p5": 55.15282488820288,
      "p50": 69.83936189633098,
      "p95": 89.91793322117013
    },
    "overestimate_pp": {
      "mean": 5.3244172849398534,
      "std": 1.9969214970811806,
      "p5": 2.722721099447663,
      "p50": 4.741124608666835,
      "p95": 8.2337861667029
    }
  },
  "within_survey_mitigation_pct_all": null,
  "detected_kgph": {
    "component_method": {
      "mean": 8621.55745528667,
      "std": 2763.9050670662764,
      "p5": 4686.668868133741,
      "p50": 8255.12716638838,
      "p95": 12189.57972961503
    },
    "sitetotal_method": {
      "mean": 9341.686481109262,
      "std": 3054.4202245754677,
      "p5": 5005.3849332124,
      "p50": 9222.66545805335,
      "p95": 13353.724146151542
    }
  },
  "surveyed_kgph": {
    "fugitive": {
      "mean": 13024.556314896643,
      "std": 2577.9682978644387,
      "p5": 8572.999569165706,
      "p50": 13872.682466216385,
      "p95": 16169.89855056405
    },
    "episodic": null
  },
  "wind_ms": {
    "mean": {
      "mean": 3.4776235746556363,
      "std": 0.8922344459203536,
      "p5": 2.3257046812319224,
      "p50": 3.273245298323851,
      "p95": 4.867454586781933
    }
  },
  "leaks_per_well_mean": {
    "mean": 1.7239208243551603,
    "std": 0.008738384072705592,
    "p5": 1.716013824161571,
    "p50": 1.7243422444804966,
    "p95": 1.7361182580299426
  }
}