{
  "metadata": {
    "n_wells": 64624,
    "n_feast_iterations": 250,
    "pod_model": "Combined GML 2.0, P4 predictor + Burr inverse link (Thorpe et al. 2024 Table 3)",
    "pod_formula": "g = beta1*Q^beta2 / (n^beta3 * u^beta4);  PoD = 1-(1+g^alpha1)^(-alpha2)",
    "pod_coefficients": {
      "alpha1": 2.0,
      "alpha2": 1.5,
      "beta1": 0.00241,
      "beta2": 1.9505,
      "beta3": 2.0836,
      "beta4": 1.5185
    },
    "gcn_marcellus_ppbm": 16.0,
    "n_marcellus": 0.016,
    "pod90_marcellus_kgph": 0.974,
    "pod90_marcellus_verification": 0.897,
    "wells_per_day_pa": 100,
    "flyable_days_pa_year": 150,
    "annual_coverage_pct": 23.2,
    "years_for_full_portfolio": 4.3,
    "n_survey_cells": 474,
    "survey_denominator": "surveyed_wells_total_emissions (NOT full portfolio)"
  },
  "emission_concentration": {
    "1": {
      "n_wells": 646,
      "emission_share": 2.4547094813184636,
      "threshold_kgph": 1.9752792038779707
    },
    "2": {
      "n_wells": 1292,
      "emission_share": 4.691010183590334,
      "threshold_kgph": 1.8691733052883044
    },
    "5": {
      "n_wells": 3231,
      "emission_share": 10.943425808266591,
      "threshold_kgph": 1.7208252600717149
    },
    "10": {
      "n_wells": 6462,
      "emission_share": 20.576175597830094,
      "threshold_kgph": 1.5937193988978327
    },
    "20": {
      "n_wells": 12924,
      "emission_share": 38.17539732963842,
      "threshold_kgph": 1.4339317067231572
    },
    "30": {
      "n_wells": 19387,
      "emission_share": 54.13297296355731,
      "threshold_kgph": 1.3013332373782716
    },
    "50": {
      "n_wells": 32312,
      "emission_share": 74.27906362064137,
      "threshold_kgph": 0.49970229771781516
    },
    "70": {
      "n_wells": 45236,
      "emission_share": 85.6616010195655,
      "threshold_kgph": 0.4765666165882588
    }
  },
  "threshold_stats": {
    "0.3": {
      "n_wells": 62843,
      "pct_wells": 97.24405793513246,
      "emissions_kgph": 55389.240482037414,
      "pct_emissions": 100.0
    },
    "0.5": {
      "n_wells": 30937,
      "pct_wells": 47.872307501856895,
      "emissions_kgph": 40455.406887552876,
      "pct_emissions": 73.03838531722143
    },
    "0.974": {
      "n_wells": 25833,
      "pct_wells": 39.97431294874969,
      "emissions_kgph": 37746.01048383511,
      "pct_emissions": 68.14682807588966
    },
    "1.27": {
      "n_wells": 20746,
      "pct_wells": 32.102624411983165,
      "emissions_kgph": 31731.418103699172,
      "pct_emissions": 57.28805419166126
    },
    "2.0": {
      "n_wells": 539,
      "pct_wells": 0.834055459272097,
      "emissions_kgph": 1146.9138347755388,
      "pct_emissions": 2.070643729349349
    },
    "5.0": {
      "n_wells": 0,
      "pct_wells": 0.0,
      "emissions_kgph": 0.0,
      "pct_emissions": 0.0
    }
  },
  "feast_iteration_variability": {
    "total_kgph_mean": 55389.2405625,
    "total_kgph_std": 10638.95713043163,
    "total_kgph_p5": 37572.7716796875,
    "total_kgph_p95": 73633.089453125
  },
  "survey_scenarios": {
    "One season (Q2+Q3, ~75 days)": {
      "coverage_pct": 11.600000000000001,
      "summary": {
        "mitigation_pct": {
          "mean": 62.151577023270136,
          "std": 19.74839834743181,
          "p5": 25.38262826429957,
          "p25": 48.75927315075166,
          "median": 65.84009526957878,
          "p75": 76.32130747502279,
          "p95": 89.80617623287824
        },
        "detected_total_kgph": {
          "mean": 3949.2361855321824,
          "std": 2146.2744972986748,
          "p5": 769.0078384533525,
          "p25": 2257.2345362603664,
          "median": 3815.2249929755926,
          "p75": 5588.835701148957,
          "p95": 7518.6077530607545
        },
        "surveyed_total_kgph": {
          "mean": 5889.997497766375,
          "std": 1998.2040643530877,
          "p5": 2855.9729762092234,
          "p25": 4210.588158972561,
          "median": 5808.879660978913,
          "p75": 7400.917720720172,
          "p95": 9249.2762904182
        },
        "n_detected": {
          "mean": 2897.622,
          "std": 1637.14882514307,
          "p5": 604.9,
          "p25": 1609.75,
          "median": 2671.5,
          "p75": 3950.75,
          "p95": 5991.299999999999
        },
        "avg_pod": {
          "mean": 0.38672571494603475,
          "std": 0.21824884594740618,
          "p5": 0.08050273956701223,
          "p25": 0.21482999445224832,
          "median": 0.3550867399296592,
          "p75": 0.526398079433098,
          "p95": 0.8017659779812509
        },
        "top5_capture_pct": {
          "mean": 94.78565511375831,
          "std": 10.07806549376269,
          "p5": 70.6024688144231,
          "p25": 95.07167847477973,
          "median": 99.51180711094946,
          "p75": 100.0,
          "p95": 100.0
        },
        "enrichment": {
          "mean": 2.0185606930750617,
          "std": 1.0393174527509261,
          "p5": 1.0964059394158254,
          "p25": 1.3125676114887077,
          "median": 1.6953645487721125,
          "p75": 2.252911789441241,
          "p95": 4.054324994734732
        },
        "wind_ms": {
          "mean": 3.5229754556332518,
          "std": 0.9923353036340757,
          "p5": 1.8086403086828322,
          "p25": 2.8424960591685835,
          "median": 3.616780021309692,
          "p75": 4.1729025875668935,
          "p95": 5.12536069623089
        }
      }
    },
    "1 year moderate (150 days, 100/day)": {
      "coverage_pct": 23.21119088883387,
      "summary": {
        "mitigation_pct": {
          "mean": 68.40485960093855,
          "std": 13.549879073945368,
          "p5": 45.91495827358628,
          "p25": 58.000943958015945,
          "median": 69.08654966386658,
          "p75": 78.2380340186229,
          "p95": 90.56839563679999
        },
        "detected_total_kgph": {
          "mean": 9197.311336696848,
          "std": 3468.4624470466442,
          "p5": 4138.6373084150255,
          "p25": 6494.655978038907,
          "median": 9053.623864859343,
          "p75": 11575.436952874064,
          "p95": 15166.991014956675
        },
        "surveyed_total_kgph": {
          "mean": 13080.787842680053,
          "std": 3074.468528216194,
          "p5": 8464.667733412982,
          "p25": 10818.518379591405,
          "median": 12901.155998155475,
          "p75": 15179.350818388164,
          "p95": 18472.71176262274
        },
        "n_detected": {
          "mean": 6145.746,
          "std": 2962.708816699525,
          "p5": 2266.9,
          "p25": 3889.0,
          "median": 5476.0,
          "p75": 8091.0,
          "p95": 11721.35
        },
        "avg_pod": {
          "mean": 0.409698194162989,
          "std": 0.1974623644262584,
          "p5": 0.15368899921355444,
          "p25": 0.2599103134548403,
          "median": 0.3639147046463547,
          "p75": 0.5416797203461218,
          "p95": 0.7791611702445369
        },
        "top5_capture_pct": {
          "mean": 99.01532465802853,
          "std": 2.0302509487866915,
          "p5": 95.29390732253128,
          "p25": 98.91714169960855,
          "median": 99.93809888269735,
          "p75": 100.0,
          "p95": 100.0
        },
        "enrichment": {
          "mean": 1.9821633319609395,
          "std": 0.8135282465329002,
          "p5": 1.1403397962532114,
          "p25": 1.3839589368560286,
          "median": 1.76745550970623,
          "p75": 2.33250041604938,
          "p95": 3.6399189569172647
        },
        "wind_ms": {
          "mean": 3.541981554483992,
          "std": 0.9852674834357531,
          "p5": 1.9605390007426646,
          "p25": 2.9032538832013315,
          "median": 3.505034832606724,
          "p75": 4.211746018198911,
          "p95": 5.135509571858665
        }
      }
    },
    "1 year ambitious (150 days, 130/day)": {
      "coverage_pct": 30.174548155484032,