{
  "approach": "feast_bottom_up",
  "n_sites": 64624,
  "n_comps_per_site": 650,
  "emission_per_comp": 0.00231,
  "emission_dist_n_samples": 4221,
  "emission_dist_mean_gs": 0.0806733627213817,
  "emission_dist_median_gs": 0.018102208333333335,
  "iterations": 500,
  "survey_coverage_frac": 0.2,
  "site_total_method": {
    "mean_pct_total": 16.723408330364435,
    "ci95_pct_total": [
      14.90456091087983,
      18.53907163471913
    ]
  },
  "component_method": {
    "mean_pct_total": 14.98943247036665,
    "ci95_pct_total": [
      13.03206404857697,
      17.181626781035888
    ]
  },
  "overestimate": {
    "mean_pct_points": 1.7339758599977881,
    "ci95_pct_points": [
      1.3740915119603607,
      2.0059096257576163
    ],
    "mean_relative_pct": 11.70850687199922
  }
}